movie_id,title,release_year,genre_id,duration,rating,reviews,sentiment_score,sentiment_category
1,Remember appear.,2015,7,103,1.5,negative,-0.3,Negative
2,Enjoy.,2010,1,147,4.9,positive,0.22727272727272727,Positive
3,Consider eye and.,2010,5,119,3.2,positive,0.22727272727272727,Positive
4,Record building.,2022,2,88,3.1,positive,0.22727272727272727,Positive
5,Respond it affect.,1991,7,169,1.9,negative,-0.3,Negative
6,Recently far.,1993,8,90,3.5,positive,0.22727272727272727,Positive
7,Practice.,2011,5,94,2.3,Neutral,0.0,Neutral
8,Down two.,2020,4,89,3.1,positive,0.22727272727272727,Positive
9,Quickly large color.,1987,6,157,3.1,positive,0.22727272727272727,Positive
10,Account class act.,2008,2,155,2.5,Neutral,0.0,Neutral
11,Value against magazine.,2021,4,123,1.5,negative,-0.3,Negative
12,Phone tree.,2003,7,77,1.1,negative,-0.3,Negative
13,Method cell late.,2005,3,91,1.8,negative,-0.3,Negative
14,Computer stock child.,2013,4,84,2.7,Neutral,0.0,Neutral
15,Process weight.,1996,7,165,1.4,negative,-0.3,Negative
16,Player who dream.,2004,4,129,5.0,positive,0.22727272727272727,Positive
17,Mention American enjoy.,1995,5,68,4.1,positive,0.22727272727272727,Positive
18,House business.,2009,7,128,3.4,positive,0.22727272727272727,Positive
19,Especially site.,2014,7,152,1.4,negative,-0.3,Negative
20,Seem choose.,1981,7,173,4.9,positive,0.22727272727272727,Positive
21,Station seek establish think.,2020,2,151,4.7,positive,0.22727272727272727,Positive
22,Car from.,1988,3,158,4.3,positive,0.22727272727272727,Positive
23,Drug task impact.,2004,4,104,3.0,negative,-0.3,Negative
24,Million agree.,1987,3,62,4.3,positive,0.22727272727272727,Positive
25,Eat office television.,2014,7,62,2.0,negative,-0.3,Negative
26,Watch order.,2002,3,87,2.2,Neutral,0.0,Neutral
27,Bad or.,1998,8,138,1.6,negative,-0.3,Negative
28,Building provide.,2020,8,78,3.9,positive,0.22727272727272727,Positive
29,Final minute.,1987,8,139,3.0,negative,-0.3,Negative
30,Program human.,2002,5,98,3.2,positive,0.22727272727272727,Positive
31,Election.,1998,6,125,2.9,Neutral,0.0,Neutral
32,To might deep.,2008,7,120,1.9,negative,-0.3,Negative
33,Finish certainly.,2000,4,152,3.3,positive,0.22727272727272727,Positive
34,Partner role expect.,2004,5,114,1.9,negative,-0.3,Negative
35,Though cause.,2019,3,177,2.6,Neutral,0.0,Neutral
36,Between.,2006,5,140,2.6,Neutral,0.0,Neutral
37,Sister usually.,2022,3,95,1.7,negative,-0.3,Negative
38,Seven food.,2011,6,153,2.3,Neutral,0.0,Neutral
39,Change discuss.,2019,8,65,4.0,positive,0.22727272727272727,Positive
40,Floor open involve.,2004,6,62,2.7,Neutral,0.0,Neutral
41,Prepare police enjoy.,2009,1,62,3.7,positive,0.22727272727272727,Positive
42,Major.,2003,4,79,4.8,positive,0.22727272727272727,Positive
43,Give both.,1980,1,151,1.7,negative,-0.3,Negative
44,Billion sign hope rest.,1995,6,70,2.4,Neutral,0.0,Neutral
45,Yes experience since.,1991,4,122,4.7,positive,0.22727272727272727,Positive
46,Become over.,1983,1,137,2.7,Neutral,0.0,Neutral
47,Whatever know every.,2009,8,88,3.4,positive,0.22727272727272727,Positive
48,Eat bill of.,2002,1,82,1.5,negative,-0.3,Negative
49,Strong father.,1995,4,84,1.4,negative,-0.3,Negative
50,Former bar.,2007,6,89,2.9,Neutral,0.0,Neutral
51,It official war.,2014,8,145,3.7,positive,0.22727272727272727,Positive
52,Night old.,1989,5,144,3.3,positive,0.22727272727272727,Positive
53,Physical himself strategy.,1999,5,139,1.7,negative,-0.3,Negative
54,Know help break.,1984,8,167,3.2,positive,0.22727272727272727,Positive
55,Like pattern effect.,1984,6,168,4.1,positive,0.22727272727272727,Positive
56,Rest speech.,1991,5,127,1.3,negative,-0.3,Negative
57,Democrat join local line.,1980,5,64,4.5,positive,0.22727272727272727,Positive
58,Mean contain cold drug.,2020,8,61,3.3,positive,0.22727272727272727,Positive
59,This.,1989,1,136,3.5,positive,0.22727272727272727,Positive
60,By.,1982,7,97,3.9,positive,0.22727272727272727,Positive
61,Arrive drive at.,1997,2,68,3.9,positive,0.22727272727272727,Positive
62,Reveal spring TV.,2022,1,103,3.0,negative,-0.3,Negative
63,Event pattern both.,2000,4,117,1.3,negative,-0.3,Negative
64,Company big.,1998,4,122,3.2,positive,0.22727272727272727,Positive
65,Act north.,1999,6,131,4.5,positive,0.22727272727272727,Positive
66,Wish analysis wish.,2018,4,179,3.6,positive,0.22727272727272727,Positive
67,Side old market.,2008,6,136,4.7,positive,0.22727272727272727,Positive
68,Investment foreign add.,2000,8,65,1.5,negative,-0.3,Negative
69,Again both walk.,2020,8,141,3.7,positive,0.22727272727272727,Positive
70,Fire important.,1985,4,120,1.6,negative,-0.3,Negative
71,Interest.,1997,6,113,3.5,positive,0.22727272727272727,Positive
72,If ok.,1980,2,102,4.6,positive,0.22727272727272727,Positive
73,Shake keep or.,1998,7,63,4.3,positive,0.22727272727272727,Positive
74,Suffer glass heart respond.,2003,1,107,4.7,positive,0.22727272727272727,Positive
75,Image family.,1996,7,128,4.6,positive,0.22727272727272727,Positive
76,Federal above.,2017,6,134,1.4,negative,-0.3,Negative
77,Off until.,1998,2,159,4.2,positive,0.22727272727272727,Positive
78,May only.,2014,4,125,3.6,positive,0.22727272727272727,Positive
79,Any ever.,1985,3,90,2.9,Neutral,0.0,Neutral
80,High cause itself.,2022,2,63,4.3,positive,0.22727272727272727,Positive
81,Become policy.,1984,4,156,3.4,positive,0.22727272727272727,Positive
82,Away and learn.,2008,2,134,1.8,negative,-0.3,Negative
83,Fall they.,1994,5,162,3.4,positive,0.22727272727272727,Positive
84,Exactly reach building.,1999,7,118,3.6,positive,0.22727272727272727,Positive
85,Be remain face.,2000,5,102,4.6,positive,0.22727272727272727,Positive
86,Site.,1995,5,70,2.6,Neutral,0.0,Neutral
87,Treat old.,1990,7,104,5.0,positive,0.22727272727272727,Positive
88,Low staff hard.,2003,8,107,3.6,positive,0.22727272727272727,Positive
89,Alone world but through.,2016,2,84,4.2,positive,0.22727272727272727,Positive
90,Amount.,2004,6,148,4.3,positive,0.22727272727272727,Positive
91,Positive class clearly.,2014,4,145,3.8,positive,0.22727272727272727,Positive
92,Record.,2018,2,121,2.5,Neutral,0.0,Neutral
93,Behind road top.,2002,6,133,3.2,positive,0.22727272727272727,Positive
94,Huge natural which.,2010,7,60,3.6,positive,0.22727272727272727,Positive
95,Run space.,2004,2,91,3.4,positive,0.22727272727272727,Positive
96,Girl also.,2018,3,136,2.7,Neutral,0.0,Neutral
97,Participant attack activity including.,2021,5,97,2.1,Neutral,0.0,Neutral
98,Eight knowledge inside.,1989,5,136,3.0,negative,-0.3,Negative
99,Ago.,2011,5,128,2.1,Neutral,0.0,Neutral
100,Forward once executive.,1987,7,107,3.8,positive,0.22727272727272727,Positive
101,Return accept low.,1983,5,132,4.2,positive,0.22727272727272727,Positive
102,Out security.,2012,4,126,4.7,positive,0.22727272727272727,Positive
103,Car ever treat.,2022,3,69,2.2,Neutral,0.0,Neutral
104,Simply also against.,2004,1,138,4.9,positive,0.22727272727272727,Positive
105,Respond ago high.,2002,3,92,1.0,negative,-0.3,Negative
106,Well matter.,1986,2,111,3.4,positive,0.22727272727272727,Positive
107,Yet best.,1987,6,167,2.2,Neutral,0.0,Neutral
108,Degree treatment analysis.,2003,8,96,4.6,positive,0.22727272727272727,Positive
109,Never industry.,1983,6,118,1.9,negative,-0.3,Negative
110,Able factor data.,1986,8,180,3.0,negative,-0.3,Negative
111,Age necessary.,1984,3,172,1.5,negative,-0.3,Negative
112,Cold standard.,1998,5,171,1.9,negative,-0.3,Negative
113,Issue rather open.,2020,7,117,4.2,positive,0.22727272727272727,Positive
114,Case employee last.,2003,5,115,2.9,Neutral,0.0,Neutral
115,Conference challenge.,2019,2,168,4.0,positive,0.22727272727272727,Positive
116,Thank thousand service.,2022,7,77,1.4,negative,-0.3,Negative
117,Market writer.,2012,4,148,2.8,Neutral,0.0,Neutral
118,Hundred movement fly.,2016,5,68,4.4,positive,0.22727272727272727,Positive
119,Particular idea picture.,2019,5,93,1.1,negative,-0.3,Negative
120,Suggest goal.,1983,5,65,2.2,Neutral,0.0,Neutral
121,Improve ago where.,2016,1,113,2.1,Neutral,0.0,Neutral
122,Maybe understand.,2000,7,98,1.0,negative,-0.3,Negative
123,Class eye guy result.,1992,5,112,1.0,negative,-0.3,Negative
124,For forward.,2019,2,74,1.8,negative,-0.3,Negative
125,Over somebody.,2022,3,137,1.6,negative,-0.3,Negative
126,Open drive.,1996,8,111,1.2,negative,-0.3,Negative
127,Something him.,2018,5,84,3.1,positive,0.22727272727272727,Positive
128,Door alone stuff street.,1993,1,109,2.3,Neutral,0.0,Neutral
129,Candidate compare occur.,1989,4,92,4.1,positive,0.22727272727272727,Positive
130,Process available.,1988,3,170,2.7,Neutral,0.0,Neutral
131,Job argue hope they.,1982,1,174,1.8,negative,-0.3,Negative
132,Think whose.,2010,5,117,3.7,positive,0.22727272727272727,Positive
133,Eight although.,2020,2,88,4.6,positive,0.22727272727272727,Positive
134,Green sing agreement.,2007,7,161,2.1,Neutral,0.0,Neutral
135,Event wall.,2003,6,127,4.9,positive,0.22727272727272727,Positive
136,Between reveal add.,2006,6,97,3.1,positive,0.22727272727272727,Positive
137,Entire pick conference still.,2015,8,91,2.8,Neutral,0.0,Neutral
138,Weight.,1983,1,159,2.3,Neutral,0.0,Neutral
139,Look foot race.,1981,7,99,1.3,negative,-0.3,Negative
140,Strong from artist.,1988,6,125,3.8,positive,0.22727272727272727,Positive
141,Rather memory level.,2005,3,174,2.3,Neutral,0.0,Neutral
142,Explain almost produce similar.,2020,3,114,1.5,negative,-0.3,Negative
143,Lawyer while interview.,2014,4,174,4.1,positive,0.22727272727272727,Positive
144,Nearly common affect.,2004,1,175,1.1,negative,-0.3,Negative
145,Maintain boy.,2012,6,104,2.3,Neutral,0.0,Neutral
146,Significant risk home.,2007,6,141,4.8,positive,0.22727272727272727,Positive
147,Collection likely read.,1994,5,100,3.9,positive,0.22727272727272727,Positive
148,Property know.,2007,3,133,4.6,positive,0.22727272727272727,Positive
149,Message.,1998,3,120,2.1,Neutral,0.0,Neutral
150,Issue act.,2000,2,128,3.4,positive,0.22727272727272727,Positive
151,Away consider become.,1986,1,114,4.8,positive,0.22727272727272727,Positive
152,Budget certainly.,1990,1,74,3.4,positive,0.22727272727272727,Positive
153,Cover memory bring.,1985,1,172,4.3,positive,0.22727272727272727,Positive
154,Seven president my.,2007,1,61,3.7,positive,0.22727272727272727,Positive
155,Easy sport.,2001,2,88,3.9,positive,0.22727272727272727,Positive
156,Weight hot trial.,2012,7,64,2.7,Neutral,0.0,Neutral
157,Material long.,1996,7,129,1.8,negative,-0.3,Negative
158,Chance purpose.,2009,3,81,4.8,positive,0.22727272727272727,Positive
159,Side cup.,2012,2,122,2.5,Neutral,0.0,Neutral
160,Threat describe.,2008,4,155,1.0,negative,-0.3,Negative
161,Money ball whole.,1980,6,125,3.6,positive,0.22727272727272727,Positive
162,Glass get break recently.,2019,7,63,4.0,positive,0.22727272727272727,Positive
163,Side become member result.,2000,8,119,4.4,positive,0.22727272727272727,Positive
164,Wish everyone.,2023,5,172,4.5,positive,0.22727272727272727,Positive
165,Organization.,1983,7,104,1.3,negative,-0.3,Negative
166,Hit same produce yes.,2016,8,122,3.4,positive,0.22727272727272727,Positive
167,Both without.,1984,7,131,3.7,positive,0.22727272727272727,Positive
168,Discuss benefit.,1983,8,176,4.7,positive,0.22727272727272727,Positive
169,Foot financial.,2014,5,76,1.2,negative,-0.3,Negative
170,Race beautiful.,2016,7,108,3.4,positive,0.22727272727272727,Positive
171,Seven debate.,2005,3,137,3.6,positive,0.22727272727272727,Positive
172,None available often.,2023,5,95,4.5,positive,0.22727272727272727,Positive
173,Responsibility individual ahead.,1984,5,134,1.0,negative,-0.3,Negative
174,Save sometimes.,2012,7,71,1.3,negative,-0.3,Negative
175,Nor state.,1986,4,163,1.1,negative,-0.3,Negative
176,Development nor go.,2010,2,64,1.6,negative,-0.3,Negative
177,Board movie say.,1989,8,106,2.6,Neutral,0.0,Neutral
178,Smile knowledge.,2021,8,94,2.8,Neutral,0.0,Neutral
179,Community part style.,1982,6,159,2.1,Neutral,0.0,Neutral
180,Bit sure any.,1992,4,135,1.6,negative,-0.3,Negative
181,Stop idea.,2004,4,139,4.8,positive,0.22727272727272727,Positive
182,Agree assume full country.,1999,4,98,1.2,negative,-0.3,Negative
183,College whole parent.,2021,6,81,3.3,positive,0.22727272727272727,Positive
184,Loss security adult.,2006,3,83,4.3,positive,0.22727272727272727,Positive
185,Style life include experience.,2022,5,144,4.0,positive,0.22727272727272727,Positive
186,Shoulder right arrive.,2009,4,117,4.6,positive,0.22727272727272727,Positive
187,Level surface week.,1986,1,87,1.0,negative,-0.3,Negative
188,Sort natural.,2018,2,74,1.5,negative,-0.3,Negative
189,Structure.,2019,6,144,3.2,positive,0.22727272727272727,Positive
190,Sing past stand.,2001,3,149,4.7,positive,0.22727272727272727,Positive
191,Bag certain.,1999,4,116,1.7,negative,-0.3,Negative
192,Do within music.,2022,8,135,3.2,positive,0.22727272727272727,Positive
193,Our understand.,1981,2,125,4.8,positive,0.22727272727272727,Positive
194,Against better plant.,1994,4,98,3.9,positive,0.22727272727272727,Positive
195,Republican successful.,2001,5,161,1.9,negative,-0.3,Negative
196,Discussion main data.,1988,7,66,4.5,positive,0.22727272727272727,Positive
197,Impact.,2016,4,60,2.3,Neutral,0.0,Neutral
198,One star.,2022,5,135,1.7,negative,-0.3,Negative
199,Window.,2000,6,74,3.9,positive,0.22727272727272727,Positive
200,Early fight throughout.,2011,4,118,4.4,positive,0.22727272727272727,Positive
201,Likely.,1994,8,178,4.2,positive,0.22727272727272727,Positive
202,Goal bit maybe worker.,1994,7,146,4.4,positive,0.22727272727272727,Positive
203,Organization part.,2009,1,85,2.3,Neutral,0.0,Neutral
204,Election agency.,2001,3,97,4.4,positive,0.22727272727272727,Positive
205,Adult popular continue.,1989,2,168,4.0,positive,0.22727272727272727,Positive
206,Amount.,2021,1,115,1.4,negative,-0.3,Negative
207,Set old.,2016,8,107,1.4,negative,-0.3,Negative
208,Indeed from want.,2015,4,71,3.9,positive,0.22727272727272727,Positive
209,Break even.,2020,1,133,5.0,positive,0.22727272727272727,Positive
210,Paper order.,2016,2,119,4.4,positive,0.22727272727272727,Positive
211,Along art.,2017,6,175,4.4,positive,0.22727272727272727,Positive
212,Ten teacher.,1980,5,172,3.1,positive,0.22727272727272727,Positive
213,Good war.,2001,7,82,2.2,Neutral,0.0,Neutral
214,Put allow claim.,2022,6,90,4.9,positive,0.22727272727272727,Positive
215,Lead wait.,2017,3,160,1.8,negative,-0.3,Negative
216,Wonder deal.,2001,2,141,2.5,Neutral,0.0,Neutral
217,Many ready tough.,2022,4,172,4.2,positive,0.22727272727272727,Positive
218,Thank.,1988,5,171,2.8,Neutral,0.0,Neutral
219,Determine paper pass.,1992,1,75,4.6,positive,0.22727272727272727,Positive
220,Region condition become safe.,2004,1,167,2.8,Neutral,0.0,Neutral
221,Perhaps cultural.,2021,8,68,3.7,positive,0.22727272727272727,Positive
222,Treatment nothing.,1993,3,140,2.1,Neutral,0.0,Neutral
223,Listen knowledge general.,2022,5,103,2.9,Neutral,0.0,Neutral
224,Image wonder big act.,1999,4,168,3.3,positive,0.22727272727272727,Positive
225,Place fight professor.,2012,3,179,4.0,positive,0.22727272727272727,Positive
226,Discussion worker cut.,1988,3,94,4.9,positive,0.22727272727272727,Positive
227,Letter believe success.,1998,3,100,1.9,negative,-0.3,Negative
228,Too between former.,2016,4,80,4.6,positive,0.22727272727272727,Positive
229,Him speak.,1990,7,67,4.1,positive,0.22727272727272727,Positive
230,Win will else.,1995,4,145,2.9,Neutral,0.0,Neutral
231,Whose up particularly.,1994,2,109,2.6,Neutral,0.0,Neutral
232,Show accept.,2020,5,150,1.6,negative,-0.3,Negative
233,Support describe third.,2006,8,117,4.0,positive,0.22727272727272727,Positive
234,Explain find.,2011,4,110,2.2,Neutral,0.0,Neutral
235,Successful common across.,2021,7,64,2.2,Neutral,0.0,Neutral
236,Central money.,1986,5,94,3.3,positive,0.22727272727272727,Positive
237,Today deep rather.,2008,7,173,1.1,negative,-0.3,Negative
238,Staff unit baby.,2008,2,71,3.6,positive,0.22727272727272727,Positive
239,Popular national letter.,1993,2,155,1.2,negative,-0.3,Negative
240,Raise town scientist Congress.,1995,4,147,1.1,negative,-0.3,Negative
241,Military run.,1993,2,115,3.1,positive,0.22727272727272727,Positive
242,Father collection five seem.,2016,6,99,1.5,negative,-0.3,Negative
243,Both entire hear.,2007,4,132,1.3,negative,-0.3,Negative
244,Seven which.,1985,7,98,4.1,positive,0.22727272727272727,Positive
245,Idea huge.,1994,5,65,4.9,positive,0.22727272727272727,Positive
246,Professional million property.,2013,3,112,4.7,positive,0.22727272727272727,Positive
247,Why reach government.,1990,2,101,1.3,negative,-0.3,Negative
248,Little allow.,1987,5,96,3.2,positive,0.22727272727272727,Positive
249,Example through area.,1990,1,92,3.9,positive,0.22727272727272727,Positive
250,Dinner front.,1990,7,131,2.9,Neutral,0.0,Neutral
251,Face shake year.,1991,6,125,1.4,negative,-0.3,Negative
252,Then.,2022,2,151,4.8,positive,0.22727272727272727,Positive
253,Range herself.,2003,6,128,3.7,positive,0.22727272727272727,Positive
254,After summer.,1989,2,128,1.1,negative,-0.3,Negative
255,Short industry husband.,2007,6,149,4.6,positive,0.22727272727272727,Positive
256,Campaign attorney.,2017,7,119,4.1,positive,0.22727272727272727,Positive
257,Dog.,1992,5,172,3.2,positive,0.22727272727272727,Positive
258,Sell example.,2005,1,80,2.5,Neutral,0.0,Neutral
259,Town campaign local.,1989,5,76,1.8,negative,-0.3,Negative
260,Television hotel own.,2002,8,136,2.1,Neutral,0.0,Neutral
261,Between.,2010,3,169,3.8,positive,0.22727272727272727,Positive
262,Factor.,1980,8,123,3.4,positive,0.22727272727272727,Positive
263,Clearly tell never.,2019,4,162,1.8,negative,-0.3,Negative
264,Matter administration skill.,1992,2,114,4.4,positive,0.22727272727272727,Positive
265,Available.,2004,1,117,2.9,Neutral,0.0,Neutral
266,Country often.,2007,3,171,2.2,Neutral,0.0,Neutral
267,Street computer.,2009,8,162,4.6,positive,0.22727272727272727,Positive
268,Miss.,1995,4,83,4.5,positive,0.22727272727272727,Positive
269,Marriage shake American.,2012,6,121,3.7,positive,0.22727272727272727,Positive
270,Of big ago.,1999,4,121,1.9,negative,-0.3,Negative
271,Indeed father.,1996,5,163,4.5,positive,0.22727272727272727,Positive
272,Show still road.,1998,2,99,4.6,positive,0.22727272727272727,Positive
273,Media role home.,1983,3,174,2.6,Neutral,0.0,Neutral
274,Form law.,2008,7,72,4.8,positive,0.22727272727272727,Positive
275,Player take.,1991,7,97,4.8,positive,0.22727272727272727,Positive
276,Range their huge.,2012,2,144,2.6,Neutral,0.0,Neutral
277,Best range question.,2020,4,115,1.3,negative,-0.3,Negative
278,Of never parent.,2011,8,167,1.9,negative,-0.3,Negative
279,Goal line town.,1985,2,137,2.7,Neutral,0.0,Neutral
280,Tonight glass method.,1993,1,149,1.8,negative,-0.3,Negative
281,Executive laugh.,1981,2,69,4.6,positive,0.22727272727272727,Positive
282,Despite serve.,2005,6,108,2.9,Neutral,0.0,Neutral
283,Professional century.,1994,8,145,3.0,negative,-0.3,Negative
284,President finish south.,1987,3,120,4.2,positive,0.22727272727272727,Positive
285,Wide.,2006,2,174,1.4,negative,-0.3,Negative
286,Rock clearly.,1999,3,150,4.9,positive,0.22727272727272727,Positive
287,Course everyone consumer.,2023,6,153,2.8,Neutral,0.0,Neutral
288,Manage worry.,2011,2,90,1.5,negative,-0.3,Negative
289,Affect report.,1985,3,66,1.5,negative,-0.3,Negative
290,Thought man painting.,2003,6,70,3.5,positive,0.22727272727272727,Positive
291,Section various store job.,1987,8,145,2.4,Neutral,0.0,Neutral
292,Appear in only.,2019,4,145,3.8,positive,0.22727272727272727,Positive
293,Out energy both.,1997,4,133,2.8,Neutral,0.0,Neutral
294,Between know share.,1981,7,146,3.8,positive,0.22727272727272727,Positive
295,Major nature produce.,2013,7,170,2.5,Neutral,0.0,Neutral
296,Strong firm down.,1990,7,132,4.1,positive,0.22727272727272727,Positive
297,Health put action.,2021,6,128,1.7,negative,-0.3,Negative
298,Technology.,1980,8,172,3.4,positive,0.22727272727272727,Positive
299,Appear.,2009,3,74,3.7,positive,0.22727272727272727,Positive
300,Plan phone.,2004,7,64,3.0,negative,-0.3,Negative
301,Around wear plant.,2012,5,122,1.4,negative,-0.3,Negative
302,Ability another show.,2005,5,128,1.9,negative,-0.3,Negative
303,Point catch range.,1996,8,110,4.8,positive,0.22727272727272727,Positive
304,Method sense price.,1980,6,178,3.1,positive,0.22727272727272727,Positive
305,Century environmental.,2004,1,93,3.3,positive,0.22727272727272727,Positive
306,Each environmental realize.,2002,2,172,4.7,positive,0.22727272727272727,Positive
307,Center drug.,2018,7,138,2.8,Neutral,0.0,Neutral
308,So address.,2002,6,164,3.0,negative,-0.3,Negative
309,Data painting ahead.,2012,3,107,1.9,negative,-0.3,Negative
310,Peace look.,1985,7,113,3.0,negative,-0.3,Negative
311,My not notice management.,2023,8,127,3.5,positive,0.22727272727272727,Positive
312,Bill read season.,2001,4,74,4.5,positive,0.22727272727272727,Positive
313,Crime probably.,2014,7,171,4.2,positive,0.22727272727272727,Positive
314,That shoulder.,2014,3,122,3.5,positive,0.22727272727272727,Positive
315,Deal owner.,1998,2,71,1.1,negative,-0.3,Negative
316,Edge enough whole.,2007,1,100,1.9,negative,-0.3,Negative
317,Which fine believe.,2022,4,109,4.9,positive,0.22727272727272727,Positive
318,Tend since attention.,2011,8,152,2.4,Neutral,0.0,Neutral
319,Mission learn.,1993,7,131,1.2,negative,-0.3,Negative
320,Leg western.,2017,6,62,1.1,negative,-0.3,Negative
321,Draw play.,1981,1,78,2.0,negative,-0.3,Negative
322,Cover coach.,1998,8,63,3.3,positive,0.22727272727272727,Positive
323,Author want rather.,2013,3,143,1.1,negative,-0.3,Negative
324,Idea my.,1984,1,114,5.0,positive,0.22727272727272727,Positive
325,Memory trip Democrat.,2007,2,67,4.8,positive,0.22727272727272727,Positive
326,Hospital improve.,1996,1,130,2.7,Neutral,0.0,Neutral
327,Arrive really civil.,2019,7,112,2.9,Neutral,0.0,Neutral
328,Rather.,1998,7,87,3.9,positive,0.22727272727272727,Positive
329,Explain hand future.,2007,6,180,2.1,Neutral,0.0,Neutral
330,Send arm notice.,1982,1,73,1.4,negative,-0.3,Negative
331,Lose clear myself rule.,2003,6,86,2.0,negative,-0.3,Negative
332,Republican send base.,1983,4,171,3.2,positive,0.22727272727272727,Positive
333,Civil successful.,2014,1,91,4.4,positive,0.22727272727272727,Positive
334,Receive single main.,2008,5,99,1.3,negative,-0.3,Negative
335,Market.,1982,4,179,2.8,Neutral,0.0,Neutral
336,Great four.,1993,6,121,1.1,negative,-0.3,Negative
337,Science like.,2014,7,80,3.6,positive,0.22727272727272727,Positive
338,Itself manager risk.,2014,1,143,2.4,Neutral,0.0,Neutral
339,Film knowledge.,2014,7,97,2.0,negative,-0.3,Negative
340,Theory field form student.,2003,5,164,2.0,negative,-0.3,Negative
341,Instead oil question.,1999,1,87,2.8,Neutral,0.0,Neutral
342,Far may law.,1980,8,118,3.4,positive,0.22727272727272727,Positive
343,Whether need.,1986,7,134,1.6,negative,-0.3,Negative
344,Win better.,2021,4,71,1.6,negative,-0.3,Negative
345,Information fast lose.,2009,5,106,3.9,positive,0.22727272727272727,Positive
346,Often after.,2004,8,130,3.2,positive,0.22727272727272727,Positive
347,Them think generation.,2008,8,170,1.6,negative,-0.3,Negative
348,Movie leg.,2017,5,140,3.2,positive,0.22727272727272727,Positive
349,Young until compare.,1994,7,85,3.2,positive,0.22727272727272727,Positive
350,Word fear image.,1993,4,88,4.8,positive,0.22727272727272727,Positive
351,Somebody year sport.,1985,7,62,3.2,positive,0.22727272727272727,Positive
352,Member animal.,2019,6,86,3.7,positive,0.22727272727272727,Positive
353,Resource.,2007,5,173,3.5,positive,0.22727272727272727,Positive
354,General impact.,1995,8,66,1.2,negative,-0.3,Negative
355,Dog weight.,2017,3,113,3.7,positive,0.22727272727272727,Positive
356,Mrs eight all.,1981,3,139,4.8,positive,0.22727272727272727,Positive
357,Serve amount.,2020,4,87,1.5,negative,-0.3,Negative
358,Machine everything.,2004,8,143,3.2,positive,0.22727272727272727,Positive
359,Some lay produce.,1986,4,63,4.5,positive,0.22727272727272727,Positive
360,General.,1989,5,176,2.1,Neutral,0.0,Neutral
361,Identify about.,2012,7,84,4.0,positive,0.22727272727272727,Positive
362,Talk drop.,1993,7,128,4.1,positive,0.22727272727272727,Positive
363,Method choose source race.,2010,7,107,4.3,positive,0.22727272727272727,Positive
364,Choose community hope.,2007,1,77,4.5,positive,0.22727272727272727,Positive
365,Fill compare kid.,1985,8,158,3.6,positive,0.22727272727272727,Positive
366,Information audience.,2013,7,165,1.9,negative,-0.3,Negative
367,Certainly hard season front.,2010,8,74,4.0,positive,0.22727272727272727,Positive
368,All trial.,2017,6,133,4.0,positive,0.22727272727272727,Positive
369,Part edge.,1988,8,154,1.9,negative,-0.3,Negative
370,If senior event ability.,2020,3,106,2.8,Neutral,0.0,Neutral
371,Church simply line.,1993,8,165,4.1,positive,0.22727272727272727,Positive
372,Reach finish son.,1983,8,167,1.1,negative,-0.3,Negative
373,Consider window.,2021,8,124,3.9,positive,0.22727272727272727,Positive
374,West view same.,2018,1,84,1.3,negative,-0.3,Negative
375,We education.,2016,6,98,4.1,positive,0.22727272727272727,Positive
376,Bed close central.,2018,1,160,3.0,negative,-0.3,Negative
377,Head the.,2003,2,173,3.8,positive,0.22727272727272727,Positive
378,Paper reflect.,2011,5,105,2.2,Neutral,0.0,Neutral
379,Age check walk.,1980,2,73,3.5,positive,0.22727272727272727,Positive
380,Heart pull.,1991,8,114,2.1,Neutral,0.0,Neutral
381,Dark sort audience.,1988,2,121,3.8,positive,0.22727272727272727,Positive
382,Young different move.,1983,2,73,2.5,Neutral,0.0,Neutral
383,Person order.,1996,8,143,4.8,positive,0.22727272727272727,Positive
384,Eight teach serious.,1999,5,95,2.1,Neutral,0.0,Neutral
385,South level water.,1993,1,72,3.4,positive,0.22727272727272727,Positive
386,For theory.,2006,1,136,4.7,positive,0.22727272727272727,Positive
387,Space hair house.,2011,4,67,3.1,positive,0.22727272727272727,Positive
388,Hotel pull.,1996,8,96,4.1,positive,0.22727272727272727,Positive
389,Teacher control.,1985,3,161,1.4,negative,-0.3,Negative
390,Work just popular.,2005,2,78,2.2,Neutral,0.0,Neutral
391,Fish high economy agency.,2019,5,165,3.1,positive,0.22727272727272727,Positive
392,Choice everybody turn.,1998,1,88,1.5,negative,-0.3,Negative
393,Chance measure film.,2016,2,168,2.8,Neutral,0.0,Neutral
394,Born everybody.,1982,5,143,4.3,positive,0.22727272727272727,Positive
395,Describe property face standard.,1991,6,124,2.5,Neutral,0.0,Neutral
396,Try road.,2016,5,81,1.9,negative,-0.3,Negative
397,Life strategy.,1982,2,109,2.4,Neutral,0.0,Neutral
398,Lead why capital.,1981,7,129,4.1,positive,0.22727272727272727,Positive
399,Their civil.,1982,5,75,4.9,positive,0.22727272727272727,Positive
400,Parent unit.,2010,6,92,2.7,Neutral,0.0,Neutral
401,Property development material.,2015,3,176,2.3,Neutral,0.0,Neutral
402,Young best.,2023,5,156,2.3,Neutral,0.0,Neutral
403,Claim soon.,1988,7,157,1.7,negative,-0.3,Negative
404,Lawyer per agree argue.,1996,2,152,4.9,positive,0.22727272727272727,Positive
405,Century particular health life.,1983,1,73,2.3,Neutral,0.0,Neutral
406,Strong executive.,2017,4,114,2.2,Neutral,0.0,Neutral
407,Pressure suddenly finally.,2010,4,91,2.8,Neutral,0.0,Neutral
408,Foreign forward example.,2020,7,110,1.3,negative,-0.3,Negative
409,Well cut trouble.,2017,6,67,3.2,positive,0.22727272727272727,Positive
410,Interesting region.,2020,7,76,3.8,positive,0.22727272727272727,Positive
411,Serve upon away character.,1990,3,171,4.7,positive,0.22727272727272727,Positive
412,Force before.,2016,8,155,1.1,negative,-0.3,Negative
413,These method five.,1998,5,70,2.6,Neutral,0.0,Neutral
414,Room authority interest.,1984,3,170,1.5,negative,-0.3,Negative
415,Cell age charge.,2002,2,127,2.5,Neutral,0.0,Neutral
416,Pull allow like.,2001,2,101,3.9,positive,0.22727272727272727,Positive
417,Involve remain.,1982,5,150,5.0,positive,0.22727272727272727,Positive
418,Figure.,2018,7,140,4.0,positive,0.22727272727272727,Positive
419,Leave focus.,2001,5,162,2.7,Neutral,0.0,Neutral
420,Newspaper might.,2006,6,96,2.8,Neutral,0.0,Neutral
421,Fight after.,2011,3,119,1.1,negative,-0.3,Negative
422,Late.,1990,6,139,1.2,negative,-0.3,Negative
423,Service everyone.,1996,2,164,2.0,negative,-0.3,Negative
424,This but.,2008,6,170,3.0,negative,-0.3,Negative
425,Where politics daughter.,2016,4,122,1.6,negative,-0.3,Negative
426,But various.,2005,1,105,3.4,positive,0.22727272727272727,Positive
427,Down spring line.,1991,8,79,4.5,positive,0.22727272727272727,Positive
428,Foreign power teach.,1982,4,180,1.6,negative,-0.3,Negative
429,Without single behavior.,2014,8,149,2.6,Neutral,0.0,Neutral
430,Serve defense star.,2008,1,169,4.4,positive,0.22727272727272727,Positive
431,Sign ahead.,2019,6,151,3.1,positive,0.22727272727272727,Positive
432,Despite herself wide.,2017,4,128,1.6,negative,-0.3,Negative
433,Response.,2018,2,97,4.0,positive,0.22727272727272727,Positive
434,Before red.,1987,5,143,2.5,Neutral,0.0,Neutral
435,Fight follow smile.,1991,8,69,1.8,negative,-0.3,Negative
436,Agree move science.,1991,8,74,3.1,positive,0.22727272727272727,Positive
437,Street study.,1982,2,163,3.4,positive,0.22727272727272727,Positive
438,Religious scene set.,2007,4,117,4.9,positive,0.22727272727272727,Positive
439,Thing research soon.,1993,7,90,4.4,positive,0.22727272727272727,Positive
440,There although east.,2015,1,81,4.4,positive,0.22727272727272727,Positive
441,Until citizen remember.,2014,1,84,1.5,negative,-0.3,Negative
442,Both identify finish.,1987,5,60,2.4,Neutral,0.0,Neutral
443,Activity order.,2011,8,61,2.3,Neutral,0.0,Neutral
444,Main truth dinner yard.,2019,6,146,2.5,Neutral,0.0,Neutral
445,Address second.,2014,5,167,2.5,Neutral,0.0,Neutral
446,Record throw.,1998,7,75,2.1,Neutral,0.0,Neutral
447,Something democratic dream.,2004,2,132,1.1,negative,-0.3,Negative
448,Discussion career blue.,2002,2,78,3.0,negative,-0.3,Negative
449,Professional tell fine western.,1990,1,170,2.8,Neutral,0.0,Neutral
450,Book sometimes study.,1986,2,126,4.0,positive,0.22727272727272727,Positive
451,Another.,1985,1,95,4.0,positive,0.22727272727272727,Positive
452,Especially listen.,2008,8,63,4.6,positive,0.22727272727272727,Positive
453,Mother play.,1992,1,88,2.7,Neutral,0.0,Neutral
454,Community agree add.,1983,7,65,5.0,positive,0.22727272727272727,Positive
455,Look expect.,1998,8,154,2.4,Neutral,0.0,Neutral
456,As week.,1995,4,172,4.3,positive,0.22727272727272727,Positive
457,Defense occur face.,2004,1,159,4.3,positive,0.22727272727272727,Positive
458,Through voice.,2010,4,96,3.3,positive,0.22727272727272727,Positive
459,Meeting wrong but.,2010,5,112,4.6,positive,0.22727272727272727,Positive
460,Kind market hot economic.,1997,5,148,3.4,positive,0.22727272727272727,Positive
461,Play husband.,2017,7,90,2.7,Neutral,0.0,Neutral
462,Although state every.,1991,5,144,2.3,Neutral,0.0,Neutral
463,Ready quite difficult.,1982,2,83,3.0,negative,-0.3,Negative
464,He government.,2010,7,66,2.1,Neutral,0.0,Neutral
465,Statement garden.,2003,8,162,2.6,Neutral,0.0,Neutral
466,Imagine computer more.,2014,3,70,1.2,negative,-0.3,Negative
467,Avoid need.,2008,3,70,4.0,positive,0.22727272727272727,Positive
468,Receive like campaign.,2023,5,100,1.3,negative,-0.3,Negative
469,Entire week your.,2015,2,165,3.7,positive,0.22727272727272727,Positive
470,Green store sense.,1990,6,171,4.8,positive,0.22727272727272727,Positive
471,Know picture month.,2014,5,162,1.5,negative,-0.3,Negative
472,Total section phone.,1983,8,132,2.2,Neutral,0.0,Neutral
473,Those head generation.,2010,6,119,3.4,positive,0.22727272727272727,Positive
474,They century.,2009,6,175,1.3,negative,-0.3,Negative
475,Card experience education.,2012,6,116,3.8,positive,0.22727272727272727,Positive
476,Yet may wide.,1990,2,136,2.2,Neutral,0.0,Neutral
477,Picture necessary.,1983,6,133,3.9,positive,0.22727272727272727,Positive
478,Low score strategy.,1988,5,126,3.6,positive,0.22727272727272727,Positive
479,Dream.,2013,7,140,2.2,Neutral,0.0,Neutral
480,Bank improve east.,2020,4,114,2.4,Neutral,0.0,Neutral
481,Reduce to.,2016,4,80,1.5,negative,-0.3,Negative
482,Address town whom.,2017,2,132,2.9,Neutral,0.0,Neutral
483,However black accept.,1980,2,104,4.8,positive,0.22727272727272727,Positive
484,Star activity.,2021,5,155,4.7,positive,0.22727272727272727,Positive
485,Mission heart them.,2005,8,143,3.8,positive,0.22727272727272727,Positive
486,Card crime.,2006,7,98,1.1,negative,-0.3,Negative
487,Change outside thought production.,2006,6,169,4.1,positive,0.22727272727272727,Positive
488,Career medical near.,1993,1,172,3.1,positive,0.22727272727272727,Positive
489,Resource cup.,1988,4,78,1.4,negative,-0.3,Negative
490,Lose kitchen though.,2007,5,103,1.5,negative,-0.3,Negative
491,Deal any thousand.,2022,6,101,2.9,Neutral,0.0,Neutral
492,Commercial meet much.,1983,2,113,2.8,Neutral,0.0,Neutral
493,Morning.,2012,5,84,1.4,negative,-0.3,Negative
494,Message fill.,2005,5,127,4.4,positive,0.22727272727272727,Positive
495,Fire across.,2009,3,90,1.2,negative,-0.3,Negative
496,Simply everyone allow.,1983,7,60,4.3,positive,0.22727272727272727,Positive
497,Return seven.,1981,7,162,2.7,Neutral,0.0,Neutral
498,According still method.,2019,7,122,2.0,negative,-0.3,Negative
499,Ago authority themselves.,2019,8,111,3.3,positive,0.22727272727272727,Positive
500,Decision although sign.,1995,3,147,1.2,negative,-0.3,Negative
