user_id,name,email,age,country,gender
1,Elijah Johnson,chase34@rodriguez-park.com,46,UK,Female
2,Rachel Fry,tryan@smith.com,41,Canada,Male
3,Steven Sosa DDS,lorimontgomery@hotmail.com,43,UK,Male
4,Kristin Chaney,krista43@lucas.org,64,Canada,Male
5,Denise Stone,moorecolin@hotmail.com,69,Australia,Female
6,Erin Bush,armstrongadriana@hotmail.com,29,Canada,Female
7,Tyler Lara,melissariggs@brown.com,57,UK,Male
8,Dean Lane,glennrodriguez@hotmail.com,57,Germany,Female
9,Michael Garcia,simpsonsamantha@sanders.com,52,Germany,Male
10,Jade Taylor,jessicabrown@gmail.com,43,Brazil,Male
11,Edward Carr,sanfordapril@gibson.com,29,Germany,Male
12,Kevin Graham,david56@carter.com,43,USA,Male
13,Dr. Caitlin Lopez,sullivankimberly@martinez.com,59,Brazil,Female
14,Joe Noble,robert33@yahoo.com,25,USA,Female
15,Hannah Olsen,xduffy@fleming-martin.net,49,Canada,Male
16,Sean Hoover,nglenn@miller-torres.com,34,Brazil,Male
17,Katherine Johnson,floresedward@hotmail.com,43,Germany,Male
18,Mrs. April Wright DDS,martinjessica@blanchard.com,22,USA,Female
19,Christian Hayes,ipowell@gmail.com,30,Canada,Female
20,Jason Knox,mcmillanlogan@hotmail.com,41,USA,Female
21,Jason Krueger,pfarmer@jimenez.com,49,UK,Female
22,Jennifer Barton,ywalker@hotmail.com,55,France,Female
23,Brianna Whitaker,vincent63@gmail.com,51,UK,Male
24,Kelly Campbell,cperry@hotmail.com,22,UK,Female
25,Kara Alexander,alice81@strong.com,51,Germany,Male
26,Lindsey Rush,gomezdavid@dickerson.org,53,Brazil,Female
27,Brooke Frank,jacobgoodman@gmail.com,53,Canada,Female
28,David Serrano PhD,wrobinson@hotmail.com,62,Germany,Male
29,Melissa Macdonald,kathleen75@roth.com,31,USA,Female
30,Christopher Campbell,gregoryshaw@hotmail.com,31,Australia,Female
31,Calvin Mcdonald,terrellcarolyn@yahoo.com,70,Canada,Male
32,Monique Burns,mejiapaul@gibson-bryant.com,44,France,Male
33,Maria Henderson,robert57@moore.biz,21,India,Female
34,Travis Chan,ismith@gmail.com,65,France,Male
35,Angela Torres,latoya81@miller.com,62,Brazil,Male
36,Denise Smith,ilynch@thompson.info,54,France,Female
37,Mario Simmons,perrysarah@jones.com,67,Brazil,Female
38,Scott Smith,stephensbrandon@barnett.biz,27,Canada,Female
39,Heather Goodwin,maria35@turner.com,36,Canada,Male
40,Dana Jennings,paulglenn@gmail.com,41,Australia,Male
41,Matthew Herrera,qhanson@romero-gutierrez.org,54,India,Female
42,Whitney Harris,ballen@hernandez-larson.com,51,Australia,Male
43,Matthew Calhoun,davidmiller@hotmail.com,28,Brazil,Male
44,Justin Chapman,hwalker@smith-smith.com,52,Germany,Male
45,Bethany Lawrence,abigail98@valencia-freeman.com,68,USA,Male
46,Louis Brown,michaeltyler@hotmail.com,41,India,Male
47,Brenda Banks,ihunt@gonzalez-williams.biz,45,Brazil,Male
48,Tammy Castaneda,johnchavez@yahoo.com,48,India,Female
49,Sean Hodges,philip54@eaton.com,45,UK,Male
50,John Thomas,bentleyheather@herring.com,68,Brazil,Male
51,Jesse Cordova,jeffreywilson@collins-watson.net,39,Australia,Female
52,Derek Parker,grogers@hotmail.com,63,India,Male
53,Thomas Frye,ricardo57@hotmail.com,21,Germany,Male
54,Makayla Bennett,qvaldez@gmail.com,45,France,Male
55,Sheila Ward,millersteven@hotmail.com,21,Canada,Female
56,Casey Smith,qguzman@hotmail.com,40,Germany,Male
57,Robert Ward,yangmorgan@hotmail.com,43,USA,Male
58,Logan Garrett,bdunlap@becker-rodriguez.com,70,France,Male
59,Mrs. Dominique Rice,qcole@robles-allen.com,64,Germany,Female
60,Todd Turner,sberry@barton.com,24,USA,Male
61,Jacqueline Rodriguez,nicolewatson@gmail.com,56,India,Male
62,Stephanie Blackwell,theresaramirez@tapia.com,31,Germany,Male
63,Jerry Hansen,garciasarah@yahoo.com,56,India,Male
64,Brian Singh,qbates@williams-stewart.net,31,Canada,Female
65,Shawn Mendoza,hicksmargaret@cook-wolfe.biz,59,Canada,Female
66,Elizabeth Willis,brucesimpson@stone-fitzgerald.com,46,UK,Male
67,Chad Smith,elizabeth08@gmail.com,62,India,Male
68,Angela Thompson,hortiz@yahoo.com,52,Australia,Male
69,Johnny Osborn,bettystevens@wagner.com,31,Canada,Male
70,Nathan Carpenter,umaldonado@crawford.com,42,Brazil,Male
71,Johnathan Rivera,matthew00@martinez-ramsey.org,39,Germany,Female
72,Donna Cook,kimberly50@yahoo.com,49,Brazil,Male
73,Teresa Mendoza,ucollier@gmail.com,30,Brazil,Male
74,Elizabeth Logan MD,juliabrown@gmail.com,33,Australia,Male
75,Jonathan Boyd,antonio65@wilson.org,63,Australia,Male
76,Paula Hernandez,pclark@davis.net,53,India,Male
77,Mark Butler,marshalljanet@yahoo.com,33,USA,Female
78,Chelsea Roberts,umckinney@yahoo.com,67,Canada,Male
79,Russell Robertson,amanda03@hodge.net,70,Australia,Female
80,Joshua Thompson,higginsjames@yahoo.com,67,India,Male
81,Monica Sanders,lopezjulie@hotmail.com,54,India,Female
82,Brooke Clarke,jessica62@klein.info,23,India,Male
83,Scott Wilson,lindaforbes@hotmail.com,54,Brazil,Female
84,Colleen Smith,xcurry@yahoo.com,23,UK,Male
85,Donald Dominguez,sanchezstephanie@kennedy.biz,67,France,Male
86,Jacob Johnson,tedwards@anderson-turner.com,55,Germany,Male
87,Carol Arroyo,swansonwilliam@yahoo.com,27,USA,Male
88,Edward Matthews,danieljose@nunez.org,44,France,Male
89,Brittney Mitchell,pattongina@gmail.com,54,India,Female
90,Michael Andersen,zcarter@smith-bryant.com,65,UK,Male
91,Denise Moore,vincentwalters@yahoo.com,23,UK,Male
92,Wayne White,mjohnson@walker.com,50,India,Male
93,Karen Bowen,ccoleman@ramirez.com,42,Canada,Male
94,Melissa Frye,kylienelson@gmail.com,60,USA,Female
95,Jacob Carlson,davisroy@diaz.biz,44,India,Female
96,Rebecca Hughes,loretta48@young-lowe.biz,40,Canada,Male
97,Lynn Wolf,ubarnes@williams-adkins.info,57,Brazil,Female
98,Steven Hernandez,kimberlywilliams@hayes.com,34,Germany,Male
99,Traci Carlson,david67@gmail.com,49,Canada,Female
100,Chelsea Nelson,willienewman@golden.com,57,Brazil,Female
101,Dennis Schwartz,sgarrison@gmail.com,64,UK,Female
102,Pamela Yates,barnesanthony@riley-conner.org,22,France,Male
103,Melissa Sutton,lisarobinson@rivas-smith.com,35,USA,Male
104,Kristin Reyes,sdillon@yahoo.com,39,India,Female
105,Steven Barker,douglasking@walker-castro.net,44,France,Male
106,John Howell,amber32@garza.com,67,USA,Male
107,Michael Grant,benjamin81@hotmail.com,48,Brazil,Female
108,Stephanie Carter,ashley89@gmail.com,22,Canada,Male
109,Annette Wagner,collin83@gmail.com,70,Canada,Male
110,Cesar Allen,evanboyle@gmail.com,57,India,Male
111,Adam Reyes,derrickreed@gmail.com,44,Australia,Female
112,Nancy Baldwin,denisebrooks@gmail.com,31,India,Male
113,Eric Lozano,fordtara@bell.biz,42,UK,Female
114,Maria Smith,herbert58@hotmail.com,30,India,Male
115,Diane Stephenson,melinda62@gmail.com,60,Germany,Male
116,Alexander Smith,elam@yahoo.com,61,Canada,Male
117,Kristen Walker,davidlopez@ortega.com,33,Germany,Male
118,Beverly Smith,smithdonald@jacobson-marquez.info,65,Brazil,Male
119,Courtney Green,sheilawade@gmail.com,42,Australia,Male
120,James Webb,pperez@jones.com,28,Germany,Male
121,Caroline Fletcher MD,jessicaphillips@gmail.com,29,Canada,Female
122,Charles Miller,campbellcynthia@gmail.com,37,Germany,Male
123,Randy Burns,tammy13@moreno-martinez.com,69,France,Male
124,Carrie Ward,alexandra73@edwards-johnson.info,35,India,Male
125,Sean Brown,aaron93@lee.net,64,UK,Male
126,Jodi Robbins,darrenglass@gonzalez.com,51,India,Male
127,Christopher Doyle,wendytrevino@yahoo.com,66,France,Male
128,Ashley Duncan,johnsonjeffrey@yahoo.com,60,Australia,Female
129,Dr. Tony Sullivan MD,gpowers@rodriguez.com,45,USA,Female
130,Edwin Holland,jeremy73@gmail.com,58,Canada,Male
131,Caleb Tyler,mgalvan@love-dawson.com,42,UK,Male
132,Aaron Fisher,laura44@mills.org,33,UK,Female
133,Kristie Martinez,ffowler@hotmail.com,41,Brazil,Male
134,Richard Griffin DVM,gnelson@orr.com,37,Germany,Female
135,Michelle Mooney,christensenjacob@wallace.com,52,USA,Female
136,Crystal Meyer,kjensen@gray.com,59,USA,Male
137,Michael Booth,mark90@gmail.com,38,Brazil,Female
138,Marcus Ray,uvasquez@garza-harrison.com,29,India,Female
139,Travis Bryan,michael48@gmail.com,45,Australia,Male
140,Nicholas Yang,bennettshelly@odonnell.com,26,Canada,Female
141,Matthew Cunningham,jonesgregory@macdonald.com,50,France,Female
142,Brian Conner,wbell@townsend-miller.info,41,Brazil,Male
143,Timothy Lewis,michelle44@yahoo.com,21,Canada,Female
144,James Downs,pwebster@zuniga-stanton.com,21,Australia,Male
145,Steven Miller,wesley47@gmail.com,58,Brazil,Female
146,Gregory Diaz Jr.,cervanteslinda@hotmail.com,45,USA,Female
147,Frank Lewis,krystalhoffman@perez.com,51,India,Male
148,Melanie Curry,millerangela@pitts.com,55,Germany,Male
149,Eddie Chapman,russell05@hotmail.com,20,Australia,Male
150,Jay James,cbrown@morgan.biz,24,UK,Female
151,Randy Taylor,fordlindsey@peck.com,68,USA,Male
152,Robert Allen,john17@yahoo.com,43,France,Male
153,Keith Anderson,sherylsnow@yahoo.com,36,Australia,Male
154,Walter Watson,amandanguyen@yahoo.com,40,USA,Female
155,Susan Olson,ustevenson@burgess.biz,68,France,Female
156,Jeremy Hill,lopezdonald@gmail.com,48,India,Male
157,Eric Hicks,shawnspencer@gmail.com,51,India,Female
158,Wendy Hill,sburns@gmail.com,44,France,Female
159,Brandon Huang,asmith@potter-schneider.com,33,Australia,Male
160,Gregory Russell,david35@hotmail.com,30,Germany,Female
161,Shawn Mclaughlin IV,jsims@gmail.com,41,UK,Female
162,Elizabeth Hall,ttaylor@gmail.com,49,India,Male
163,Charles Mcdaniel,sarah62@davis-horton.org,53,Canada,Female
164,Courtney Ward,tyler85@shea-carroll.com,23,Brazil,Female
165,Ryan Middleton,sherricurry@carpenter-sanchez.org,53,Australia,Female
166,Tommy Turner,douglasorozco@hotmail.com,46,UK,Male
167,Martin Crane,nmiller@adams.net,69,Brazil,Male
168,James Walton,qdavis@gray.net,32,UK,Male
169,Suzanne James,heathernguyen@gmail.com,29,Germany,Female
170,Phillip Harris,qgarcia@hernandez.net,54,France,Male
171,Timothy Hernandez,lwood@yahoo.com,22,Australia,Male
172,Kimberly Valdez,desiree48@le.net,30,USA,Female
173,Melissa Hatfield,josephthomas@mcguire.com,67,France,Female
174,Sandra Marshall,jesus92@yahoo.com,66,France,Male
175,Shannon Lee,jacobbarker@hotmail.com,65,India,Male
176,Daniel Robinson,chloemartin@garcia.com,49,Germany,Male
177,Kyle Stewart,stevenerickson@gmail.com,53,France,Female
178,Jeffrey Robertson,apena@hotmail.com,20,India,Female
179,Eric Carson,brentsmith@hotmail.com,19,France,Male
180,Kevin Larsen,carterholly@allen-duncan.biz,29,UK,Male
181,Christopher Smith,omarscott@smith.com,41,Germany,Male
182,Larry Lynch,cfrancis@ortiz-johnson.com,46,USA,Male
183,Rhonda Dudley,jason97@campos-carson.biz,20,Australia,Male
184,Jordan Shaw,lindsaycooper@gmail.com,49,Germany,Female
185,Randy Holland,piercekimberly@hotmail.com,51,USA,Male
186,Mark Henderson,reevesjeffrey@wright.com,27,Brazil,Female
187,Ashley Baker,gordonkari@hotmail.com,46,Brazil,Female
188,Seth Anderson,xflynn@gmail.com,23,Canada,Male
189,Sandra Garcia,dcolon@yahoo.com,34,India,Male
190,Jennifer Brown,reevesnicole@cooper.com,59,India,Male
191,Joseph Ford,robert33@hernandez.com,23,India,Female
192,Laura Reyes,rmitchell@hotmail.com,53,India,Female
193,Ryan Davis,johnsonbrendan@baker.org,60,India,Male
194,Samantha Bond,qjohns@smith.com,51,Australia,Male
195,Vanessa Lambert,zmcguire@sawyer.com,23,France,Male
196,Sharon Sellers,umercado@yahoo.com,23,UK,Female
197,Kimberly Yates,cindygibson@miller-martin.com,47,UK,Female
198,Linda Campbell,leekathleen@wood.com,20,Australia,Male
199,Anthony Patterson,timothy31@yahoo.com,36,USA,Female
200,Michelle Campbell DDS,rosealexander@green.com,51,France,Female
201,Jeff Roberts,sheenalewis@yahoo.com,64,Canada,Female
202,Audrey Avila,nichole66@yahoo.com,33,UK,Female
203,Patrick Miller,andersendustin@hotmail.com,38,India,Female
204,Dana Gonzalez,carol25@gmail.com,43,India,Female
205,Robert Dixon,jeantrevino@hanna.biz,63,UK,Female
206,Christine Pierce,grandall@bell-hodges.com,55,Australia,Male
207,Douglas Flores,cdavis@smith.com,41,India,Male
208,Jenna Cook,ythornton@yahoo.com,32,Australia,Male
209,Abigail Ray,kellysarah@ramirez-harris.com,29,Australia,Male
210,Tristan Gregory,duncanconnie@hotmail.com,34,France,Male
211,Aaron Peters,lcruz@gmail.com,36,India,Female
212,James Lopez,kimberly57@hotmail.com,37,France,Male
213,Michelle Atkins,raymondbrian@yahoo.com,19,Brazil,Male
214,Madeline Wheeler,melissawilliams@johnson-flores.info,31,Australia,Male
215,Daniel Koch,gallowaylauren@ward.com,48,USA,Male
216,Tim Johnson,cdaniel@hall.com,61,Germany,Male
217,Kari Sims,jasmin21@gmail.com,68,Australia,Male
218,Kimberly Thomas,jacobbell@cannon.biz,61,Australia,Male
219,Adam Caldwell,larry67@fox.com,33,India,Female
220,Megan Fry,joshuaosborne@hotmail.com,57,Brazil,Female
221,Margaret Lowe,fishermatthew@hotmail.com,40,Germany,Male
222,Elizabeth Harrell,derek56@duke.com,28,Germany,Female
223,Lacey Owens,fstewart@gardner.org,37,Brazil,Male
224,Kerry Stokes,stephentorres@morrison.org,48,Brazil,Female
225,Peter Brown,briananderson@hotmail.com,54,Canada,Male
226,Jimmy Murray,bgreen@christensen.biz,19,Canada,Male
227,Angela Dickson,denise46@hotmail.com,47,USA,Male
228,Rodney Doyle,chelseabailey@yahoo.com,23,France,Male
229,Andrew Wilson,jgarner@cruz.org,22,Australia,Female
230,Robert Richardson,rhale@yahoo.com,57,Germany,Female
231,Grant Gomez,pcastillo@gmail.com,56,Australia,Female
232,Robert Myers,jenkinsluke@lee-guerra.org,29,UK,Male
233,Richard Davis,rhondaford@adams.com,48,India,Male
234,Linda Smith,kenneth66@yahoo.com,26,Brazil,Female
235,Christopher Calderon,ramirezdustin@hotmail.com,27,UK,Female
236,Michael Lewis MD,matthewcardenas@gomez-dixon.org,47,Brazil,Female
237,Stephanie Lopez,jeffreyporter@ball.net,22,India,Male
238,Jackson Bennett,lcarter@sandoval.info,42,UK,Female
239,Ryan Ramos,jamie85@miller-crane.com,64,Canada,Male
240,Clifford Wood,wcollins@yahoo.com,23,India,Female
241,John Johnson,gonzalezscott@schneider.org,38,Germany,Male
242,Michael Campbell,figueroarenee@hotmail.com,36,USA,Male
243,John Campbell,stonederrick@yahoo.com,29,France,Female
244,David Burns,flemingkelly@frazier.biz,42,France,Male
245,Mary Ellis,hooddamon@hotmail.com,70,Canada,Male
246,Becky Williams,codyjones@gmail.com,35,Australia,Female
247,Jennifer Riggs,adamsmark@ho.com,43,USA,Female
248,Christopher Jones,craigadam@hotmail.com,54,Australia,Female
249,Nichole Jones,melissagreen@hotmail.com,57,UK,Male
250,John Conley,xlee@gmail.com,22,USA,Male
251,Henry Ballard,ychaney@schwartz.com,59,India,Male
252,Katrina Morris,aarontucker@smith-stephens.biz,30,USA,Male
253,Jessica Terry,markstrevor@anderson.biz,24,France,Female
254,Bryan Le,jessica94@hotmail.com,65,France,Male
255,Charles Medina,xstevenson@hotmail.com,30,Brazil,Male
256,Matthew Johnson,brad63@yahoo.com,58,France,Female
257,Tanya Williams,jeremy64@rodgers.com,25,France,Female
258,Jennifer Hayes,melissacontreras@yahoo.com,49,USA,Female
259,Ashley Maxwell,kelsey55@roberts.com,23,India,Female
260,Brittany White,ppadilla@gmail.com,41,Brazil,Female
261,Aaron Fuller,monica64@hotmail.com,33,France,Male
262,Christine Hayes,hfernandez@gmail.com,51,Brazil,Female
263,William Briggs,jeanette75@yahoo.com,35,Canada,Male
264,Stephanie Lutz,wallacejohn@fowler.info,61,Canada,Male
265,Timothy Williams,allenadam@hotmail.com,44,UK,Male
266,Bryan Church,aalexander@kelly-burton.net,68,France,Female
267,William Green,dmoody@phillips.net,69,UK,Male
268,Mary Butler,vanessa38@gmail.com,29,USA,Female
269,Kenneth Small,brownkyle@gmail.com,41,Germany,Male
270,Steven Sharp,lisa18@gmail.com,56,UK,Male
271,Christian Gould,russellbrittany@allen-thomas.com,34,India,Male
272,Angel Little,katherinemyers@montes.biz,27,Germany,Female
273,Kristine Davis,morenoemily@york.com,44,France,Female
274,Justin Morse,ericali@gmail.com,22,USA,Female
275,Brooke Garcia,darlene71@gmail.com,66,France,Female
276,Russell James,ashleygray@holmes.com,31,USA,Female
277,Richard Shah,jeffrey51@gray.com,61,France,Male
278,Hannah Cummings,karen16@allen-kennedy.com,61,Canada,Male
279,Brandon Guerrero,wilkinsonelizabeth@rhodes.com,18,India,Female
280,Charles Jones,wendycrosby@gmail.com,52,Australia,Female
281,Tammy Cooper,joshuasullivan@yahoo.com,19,Brazil,Male
282,Mary Harvey,christopher57@hotmail.com,57,India,Female
283,Jessica Sanders,sbailey@yahoo.com,24,Canada,Male
284,Mark Shepherd,tyler22@yahoo.com,34,USA,Female
285,Christina Blake,mckenziehorn@gmail.com,23,India,Female
286,Michael Collins,douglaslee@hotmail.com,22,France,Male
287,Laura Green,thomaswong@hotmail.com,25,France,Male
288,Carolyn Jackson,vpage@yahoo.com,35,UK,Female
289,Tiffany Manning,yhernandez@hotmail.com,63,Australia,Male
290,April Holland,fieldscalvin@hotmail.com,47,France,Male
291,Brian Martinez,patrick78@brown-brown.net,58,Brazil,Male
292,Kiara Cohen,hoffmanmargaret@yahoo.com,48,UK,Male
293,Karla Perez,vweiss@ortega.com,39,USA,Male
294,Susan Johnson,hunter49@boyle.biz,47,Canada,Female
295,Troy Green,jeffreygutierrez@yahoo.com,30,USA,Female
296,David Thomas,avilaisaiah@stewart.com,59,France,Male
297,Michael Hurley,tiffanysolis@yahoo.com,44,Brazil,Male
298,Jennifer Dunn,kandrews@cox-lopez.net,56,France,Male
299,Randy Gonzalez,housedarrell@gmail.com,69,Australia,Female
300,Tonya Medina,whiggins@hawkins.net,48,France,Female
301,Michelle Bartlett,vgardner@jackson.org,20,UK,Male
302,Collin Jones,shanecompton@levine-garrett.com,18,India,Female
303,Madison Flores,joseph41@gmail.com,56,UK,Female
304,Jason Sweeney,scotttamara@gmail.com,68,Brazil,Female
305,Tammy Ibarra,sally48@gmail.com,30,UK,Female
306,John Duncan,brianmay@wheeler.com,32,Canada,Male
307,Katelyn Bentley,zfigueroa@hotmail.com,62,Germany,Male
308,Heidi Martinez,shannon78@price-wells.com,27,India,Male
309,George Nelson,robertgarcia@hotmail.com,28,Germany,Female
310,Kristen Goodman,jmassey@yahoo.com,41,Germany,Male
311,Paul Lee,eric06@myers.com,40,India,Male
312,Robert Dunn,lisabest@gmail.com,55,India,Female
313,Steven Leach,billy84@hotmail.com,40,UK,Male
314,William Mcmillan,lindagreen@anderson-robinson.biz,26,Brazil,Male
315,Cory Hayden,espinozajenna@obrien.net,55,UK,Female
316,Thomas Brown,billy47@glover.com,35,Brazil,Female
317,Chad Cole,seanbooth@james-andrews.com,38,UK,Female
318,Diana Ingram,brianrogers@gmail.com,42,France,Male
319,Todd Sherman,jacobcampbell@gmail.com,30,India,Female
320,Elizabeth King,williamsonbrittany@yahoo.com,19,USA,Male
321,Bailey Price,james51@hotmail.com,63,India,Male
322,Joseph Scott,wjenkins@navarro.info,58,France,Male
323,David Brown,stefanieyoung@gmail.com,34,India,Male
324,Michael Orr,robertcampbell@gmail.com,67,UK,Male
325,Timothy Decker,normanaustin@yahoo.com,60,France,Male
326,Michael Banks,ronald52@dixon-ward.org,58,France,Male
327,Eric Smith,alexander93@hotmail.com,57,Brazil,Female
328,David Gomez,garciageorge@hill.info,56,India,Female
329,William Saunders,claytonjames@perez.com,29,France,Male
330,Amy Hernandez,ortizjoshua@jacobson.com,43,Australia,Female
331,Karla Hamilton,dbarnes@gmail.com,22,UK,Female
332,Matthew Williams,xmccarthy@yahoo.com,34,USA,Male
333,Timothy Williams,jpennington@parker.com,68,USA,Female
334,Margaret Miles,grant36@yahoo.com,41,Brazil,Male
335,Dawn Graham,richgabriela@yahoo.com,19,Brazil,Female
336,Melinda Scott,jermainechen@morales.com,65,France,Female
337,Joseph Mann,morrisbrandon@moore-clark.biz,68,Canada,Male
338,Sharon Barker,larrygolden@bowen.org,58,Germany,Male
339,Dustin Brown,drobinson@chavez.net,69,Australia,Male
340,Mary White,kenneth48@nguyen.org,43,Brazil,Male
341,Scott Ferguson,robinsonrichard@smith-roberts.net,68,Brazil,Male
342,Emily Martin,amy55@gonzales.net,25,France,Female
343,Katie Williams,markanderson@gmail.com,62,Australia,Male
344,Kelly Hancock,morganzhang@williams.com,29,USA,Female
345,John Brown,taylorhart@yahoo.com,46,Germany,Female
346,Megan Silva,ubird@hotmail.com,23,USA,Male
347,Donald Jimenez,peterstara@jones-robinson.biz,56,Australia,Male
348,Elizabeth Stafford,bergnathan@hotmail.com,31,India,Male
349,Bradley Singleton,elizabeth95@yahoo.com,23,Australia,Male
350,John Martinez,stephen45@gmail.com,57,USA,Male
351,Tamara Crosby,williamsmorgan@curry-mullen.com,56,India,Male
352,Bridget Avila,fjackson@gmail.com,51,India,Female
353,Joseph Mckee,sandra28@gmail.com,19,Germany,Male
354,Heather Ramirez,allencynthia@mcdonald.com,41,Canada,Female
355,Kevin Nunez,james61@hotmail.com,29,Brazil,Female
356,Michelle Robinson,lambertthomas@yahoo.com,63,Brazil,Male
357,Jason Roberts,zcook@yahoo.com,52,Germany,Female
358,Yolanda Vargas,robin46@gmail.com,23,India,Male
359,Autumn Kemp,gsimmons@yahoo.com,49,France,Female
360,Maria Wright,tylerandrew@hotmail.com,45,Canada,Male
361,Steven Warner PhD,mhernandez@hotmail.com,22,Canada,Female
362,David Kim,forbesstephanie@hill-oconnor.com,59,Canada,Male
363,Michaela Bush,kkaufman@yahoo.com,31,Germany,Male
364,Rebekah Joseph,ysoto@yahoo.com,69,Australia,Female
365,Joseph Scott,douglassanders@tucker.com,55,Germany,Male
366,Ashley Curry,doughertyheather@morales-reese.com,43,UK,Male
367,Michael Wilson,briandelgado@gmail.com,66,Australia,Female
368,Sarah Hicks,jbenton@hanson.com,26,Germany,Female
369,Heather Cohen,barrlisa@thompson.com,47,Brazil,Male
370,Amanda Griffith,gary56@hotmail.com,42,France,Male
371,Jon Marshall,marissa39@gmail.com,65,India,Female
372,Joseph Miller,cvalentine@gmail.com,50,Australia,Male
373,Christian Braun,james47@yahoo.com,65,Germany,Female
374,Kimberly Fernandez,barbara63@hoover.com,46,France,Female
375,Suzanne Foster,karenthornton@murray.info,69,UK,Male
376,Mark Cook,knelson@woods.com,68,USA,Female
377,Christina Sanford,kenneth95@leonard.com,44,UK,Male
378,Adrian Johnston,richardgonzales@hall.com,67,Germany,Female
379,Virginia Sherman,latoyapayne@carlson.com,61,France,Male
380,Christopher Burns,slozano@snyder.com,49,USA,Female
381,Nancy Ryan,nperry@maxwell-coleman.net,33,France,Male
382,Eric Escobar,danaperez@richardson.com,69,UK,Male
383,Cory Keith,ecollins@gmail.com,21,UK,Female
384,Rachel Estrada,ocobb@hotmail.com,55,Canada,Female
385,Seth Shaw,david27@yahoo.com,24,Canada,Male
386,Cynthia Bennett,thompsondennis@miles-gillespie.com,43,Australia,Female
387,Dr. Karen Thomas,donald94@hotmail.com,38,USA,Male
388,Brittney Walters,zgalloway@bowers.info,52,Canada,Male
389,Garrett Davis,walkermichael@vance-davenport.com,61,USA,Male
390,Benjamin Allen,ocooper@johnson.org,45,Canada,Male
391,Charles Davidson,vanessanelson@adams.info,66,UK,Female
392,Tracy Taylor,edwardferguson@hotmail.com,23,Canada,Female
393,Gerald Mills,kerrycooper@gmail.com,68,India,Male
394,Kimberly Smith,thomasadams@gmail.com,69,France,Male
395,Peter Estrada,sarahturner@moore.info,53,India,Female
396,Lauren Tyler,kathy10@adams.com,33,Canada,Male
397,Joshua Graham,natalie30@ortiz.net,22,France,Male
398,Jason Silva,smithchristy@yahoo.com,59,USA,Male
399,Ricky Little,zmcdonald@davis.com,19,India,Male
400,Dr. Christopher Gray,mferguson@rogers-thomas.com,27,France,Male
401,John Richardson,jonathan95@parrish-riley.com,42,Australia,Female
402,Ryan Deleon,kingchristine@cummings.com,40,India,Male
403,Gregory Willis,phaas@hotmail.com,46,France,Female
404,Francisco Mendoza,antonio99@hudson-jackson.net,67,Australia,Male
405,Raymond Cox,hhaas@reynolds.net,69,Canada,Male
406,Jordan Rhodes,ellisstephen@hotmail.com,53,France,Male
407,Cindy Duncan,chelseajackson@yahoo.com,29,Germany,Female
408,Jennifer Church,thomashancock@yahoo.com,53,USA,Female
409,Holly Owens,wigginsjennifer@briggs.com,21,Germany,Male
410,Anna Clayton,farmeraudrey@yahoo.com,62,India,Male
411,Thomas Walton,tjones@campbell-wilson.com,23,Australia,Male
412,Brianna Carr,gsmith@long.com,66,Australia,Female
413,Tiffany Poole,usmith@conrad.com,24,Canada,Male
414,Dean Thomas,toddmiller@miller-shah.com,32,USA,Male
415,Brenda Harrell,johnathan14@yahoo.com,66,France,Female
416,Robert Johnson,connor93@hotmail.com,31,France,Male
417,Stephanie Johns,johnmorrow@cole.biz,39,India,Male
418,Christopher Huynh,wschultz@buchanan.com,33,Australia,Male
419,Jesus Burgess,anna14@hotmail.com,57,Canada,Female
420,Aaron Davis,jackcruz@yahoo.com,24,Canada,Male
421,Dennis Morris,lesliegordon@gmail.com,35,Brazil,Male
422,Steven Baker,rbray@perry.com,62,Australia,Female
423,Danielle Sanders,ashley37@gmail.com,25,UK,Male
424,Ashley Adams,joshua71@richards.net,21,Canada,Female
425,Paul Madden,stacey94@pierce-kerr.com,61,UK,Female
426,Tiffany Wagner,vparsons@gmail.com,25,Canada,Female
427,Miguel Mack,jamesunderwood@gmail.com,42,Canada,Female
428,Donald Carter,charles36@hotmail.com,53,Australia,Male
429,Bradley Rodriguez,jacobclark@yahoo.com,20,India,Male
430,Alexandra Barker,julian07@wilkinson.com,48,UK,Male
431,Andrew Jones,robertclarke@smith-miller.org,49,Germany,Male
432,James Hall,hendersonamber@yahoo.com,65,India,Male
433,Jill Bailey,brianstanley@hotmail.com,23,Brazil,Male
434,Elizabeth Reynolds,smithjames@snyder.com,24,Canada,Female
435,Michael Rich,cynthia88@williams-long.com,69,India,Female
436,John Weber,jacobpeterson@hotmail.com,57,UK,Female
437,Christopher Smith,karenbrown@yahoo.com,49,UK,Male
438,Joshua Johnson,nschneider@hotmail.com,70,Germany,Female
439,Daisy Brown,pattersonchristopher@gmail.com,62,Germany,Male
440,Sarah Decker,qmueller@pena-mcfarland.org,61,India,Female
441,Kimberly Lawrence,kathleen09@gmail.com,61,UK,Female
442,Kim Robertson,odominguez@anderson.com,28,Germany,Female
443,Jacqueline Martin,gregorychoi@flowers.net,36,Australia,Male
444,Natalie George,frazierphyllis@yahoo.com,28,Canada,Male
445,Michael Williamson,david88@smith.com,65,Australia,Male
446,Jessica White,nmartin@yahoo.com,63,Australia,Female
447,Tara Lucas,jared34@brooks-best.org,45,Germany,Male
448,Ricky West,alexis86@yahoo.com,40,Australia,Female
449,Richard Henderson,perrydonald@wilkerson.com,38,UK,Female
450,Caitlyn Thompson,dustin89@hotmail.com,68,Australia,Female
451,Deanna Martin,russellrhonda@king-smith.com,26,Canada,Male
452,Mr. Brian Buchanan DDS,mjimenez@hudson.net,43,India,Male
453,Adam Frederick,dcarroll@hotmail.com,62,Brazil,Female
454,Matthew Chen,ilandry@hotmail.com,26,USA,Male
455,Kyle Mayo,dustin10@manning.com,20,Australia,Male
456,Ronald Baker,andrewaguilar@yahoo.com,65,Brazil,Female
457,Kevin Mcdonald,joannaolson@garcia.com,69,Canada,Male
458,David Evans,qrogers@hotmail.com,60,USA,Female
459,Susan Davis,brownantonio@martinez.com,39,France,Female
460,Brian Carter,vknapp@morris.com,69,Brazil,Female
461,Cynthia Patton,christopherwatkins@hotmail.com,29,France,Female
462,Makayla Doyle,adamsbarbara@martin-salinas.net,63,USA,Male
463,Karina Jones,lanedavid@ortiz.info,25,Brazil,Male
464,Brendan Washington,pwoods@gilbert.net,38,Germany,Male
465,Christina Jordan,blakejacobson@brown.com,65,India,Female
466,Jonathon Barker,colliermelanie@gmail.com,30,France,Male
467,Kristen Lee,srodriguez@hotmail.com,29,India,Female
468,Spencer Barry,victoriaphelps@hotmail.com,53,USA,Male
469,Larry Reynolds,mckinneylauren@smith.com,39,Australia,Female
470,Mary Kirk,adrienne10@combs.com,69,France,Male
471,Katherine Holmes,twhite@hotmail.com,52,UK,Male
472,Mr. Kevin Ellis,yorkjanet@hotmail.com,54,India,Female
473,April Davis,raymond56@miles.com,54,USA,Female
474,Jennifer Leon,sfreeman@yahoo.com,24,Australia,Male
475,Steven Hernandez,pcoleman@hotmail.com,57,UK,Male
476,Savannah Sanchez,david42@yahoo.com,68,USA,Male
477,Jack Brown,catherinemiller@hotmail.com,48,UK,Male
478,Amy Vega,nicole54@gmail.com,27,USA,Male
479,Mrs. Amanda Evans,iturner@yahoo.com,48,Australia,Male
480,Samantha Porter,jacksonrobert@hull.net,50,Canada,Male
481,William Zimmerman,nolanalyssa@yahoo.com,40,Australia,Female
482,David Stein,stephen07@higgins.com,31,Australia,Male
483,John Stewart,rjones@yahoo.com,36,India,Female
484,Haley Delgado PhD,thomasveronica@bartlett.biz,66,India,Male
485,Randy Mclean,clong@gmail.com,30,Canada,Male
486,Taylor Daniels,bryan19@hotmail.com,62,UK,Male
487,Alexandra Cohen,gregorywallace@murphy.com,59,France,Female
488,Kimberly Hayes,barnesmonica@stevenson.org,65,USA,Female
489,Brenda Dorsey,hmartinez@carlson-curtis.biz,62,Germany,Male
490,Benjamin Barr,gthompson@gmail.com,34,UK,Male
491,Brian Lam,ariasstephen@morales.biz,23,UK,Female
492,William House,droach@hernandez.com,31,Germany,Male
493,Timothy Watson,zrivas@bush.biz,30,Australia,Female
494,Cindy Hernandez,xpatterson@bailey.info,41,USA,Female
495,Donna Owen,roblesnathan@yahoo.com,34,Brazil,Female
496,Alexis Gomez,jkennedy@love.com,37,Germany,Male
497,Thomas Potter,stacie89@gmail.com,33,France,Female
498,Chad Neal,ttaylor@reynolds.com,45,Australia,Female
499,Mary Fernandez,onoble@harris.com,27,Australia,Female
500,Alexandria Jackson,dorseyjohn@payne.net,33,Germany,Female
